"UniqueActionPackageId";"UniqueActionId"
"021ca281-b694-43e8-936a-9cbf98cbbdce";"80feedf7-8cf1-4e60-81cf-36fb86bb4f1a"
"05e6fb42-f783-461c-b19b-66e9598d13ab";"7f52aedb-3215-489f-8b1a-6858c18d7e36"
"05e6fb42-f783-461c-b19b-66e9598d13ab";"928e4ba7-0b8a-4f38-ab94-b07c1e821172"
"1194dc2f-3469-40e1-bb20-0d57bbc3e4a6";"928e4ba7-0b8a-4f38-ab94-b07c1e821172"
"1532b93e-5153-4a88-ac4b-ef6eac679607";"1ee7f885-50e0-432d-a9b1-c5d2f288a503"
"1532b93e-5153-4a88-ac4b-ef6eac679607";"a4a5ec53-2e9f-41ac-be98-1e6fa08697c4"
"1532b93e-5153-4a88-ac4b-ef6eac679607";"b467dbfb-63f1-491b-abd7-3d035ccef872"
"1cb3dfd6-eb8a-42ca-8f72-56fc95f78f82";"80feedf7-8cf1-4e60-81cf-36fb86bb4f1a"
"37695149-ebaf-4c88-8766-5470860be535";"81609f4c-8a41-4ad7-94f5-98bd10f4a7ea"
"37695149-ebaf-4c88-8766-5470860be535";"d0de8cd0-b90a-42f4-9461-4eddc2503d98"
"42842ed8-65ee-4f01-9e5c-fe351cd75a76";"81609f4c-8a41-4ad7-94f5-98bd10f4a7ea"
"42842ed8-65ee-4f01-9e5c-fe351cd75a76";"c5dc77e6-5263-48ec-8d52-2cd1a1be9902"
"43827957-7c98-436d-9a9b-2eb47096ef67";"1ee7f885-50e0-432d-a9b1-c5d2f288a503"
"43827957-7c98-436d-9a9b-2eb47096ef67";"928e4ba7-0b8a-4f38-ab94-b07c1e821172"
"43827957-7c98-436d-9a9b-2eb47096ef67";"a4a5ec53-2e9f-41ac-be98-1e6fa08697c4"
"65f46971-e2c1-4ae9-b52e-4b88de5d5e8e";"80feedf7-8cf1-4e60-81cf-36fb86bb4f1a"
"65f46971-e2c1-4ae9-b52e-4b88de5d5e8e";"81609f4c-8a41-4ad7-94f5-98bd10f4a7ea"
"7742bfa4-099d-46d5-9328-4b679a677c3b";"7f52aedb-3215-489f-8b1a-6858c18d7e36"
"7742bfa4-099d-46d5-9328-4b679a677c3b";"a4a5ec53-2e9f-41ac-be98-1e6fa08697c4"
"7742bfa4-099d-46d5-9328-4b679a677c3b";"b467dbfb-63f1-491b-abd7-3d035ccef872"
"9c85d23a-47f0-4e51-bb96-2597e95615aa";"1893c154-6bec-4af9-9710-1cf1f9c8b19d"
"9e7135ca-753b-4e5b-bff1-c27d45d1fe85";"49f2c6bf-8e40-4488-a0f7-4ef7cbb25c57"
"9e7135ca-753b-4e5b-bff1-c27d45d1fe85";"80feedf7-8cf1-4e60-81cf-36fb86bb4f1a"
"9e7135ca-753b-4e5b-bff1-c27d45d1fe85";"a4a5ec53-2e9f-41ac-be98-1e6fa08697c4"
"a604df3b-e114-462c-b5ef-e96464b2ab60";"49f2c6bf-8e40-4488-a0f7-4ef7cbb25c57"
"a604df3b-e114-462c-b5ef-e96464b2ab60";"a4a5ec53-2e9f-41ac-be98-1e6fa08697c4"
"a604df3b-e114-462c-b5ef-e96464b2ab60";"b467dbfb-63f1-491b-abd7-3d035ccef872"
"c78c0b14-06b7-4896-8920-b7089e178c3f";"52636a3d-7088-46bc-be31-57774172dd86"
"d2961f68-9350-4b2b-939a-474bad8dc928";"928e4ba7-0b8a-4f38-ab94-b07c1e821172"
"d2961f68-9350-4b2b-939a-474bad8dc928";"e11ad5a4-ddbb-4caa-a684-f361de4eaf87"
"d4020aeb-ff7b-49bd-871c-c1a206bd8a3f";"49f2c6bf-8e40-4488-a0f7-4ef7cbb25c57"
"d4020aeb-ff7b-49bd-871c-c1a206bd8a3f";"928e4ba7-0b8a-4f38-ab94-b07c1e821172"
"f623443a-d9cf-4302-97da-d29fd2696997";"a4a5ec53-2e9f-41ac-be98-1e6fa08697c4"
"f623443a-d9cf-4302-97da-d29fd2696997";"b467dbfb-63f1-491b-abd7-3d035ccef872"
"f623443a-d9cf-4302-97da-d29fd2696997";"e11ad5a4-ddbb-4caa-a684-f361de4eaf87"
"ff300ac9-89ef-4483-a7e5-cff93d05c1fa";"5cf9ce89-0deb-4821-81c1-98a08538cfde"
