"UniqueUserActionId";"UserActionCreatedDate";"UniqueTransactionId";"UserId";"UniqueActionPackageId"
"00292417-c77a-45eb-8d86-f6b60fa771aa";"2019-10-28 14:22:51";"d5d70720-2c6b-4efe-9d5b-14f0617f5300";"43";"e4ecd156-789f-4639-b03a-953aaad54d0c"
"005741ff-2f2f-4a94-a3ab-a85e7c8ec68d";"2019-10-12 19:13:27";NULL;"76";"021ca281-b694-43e8-936a-9cbf98cbbdce"
"01af8353-fac2-4b69-9a09-3bee2405cc24";"2019-10-28 18:47:58";"c4ab723c-384e-4ce4-8cf8-0364cf92b86c";"43";"e4ecd156-789f-4639-b03a-953aaad54d0c"
"01dc384f-4a83-4782-aaa1-372cede54a95";"2019-12-05 10:47:22";"2c7e043a-6e92-4407-aba0-9819d27aec04";"123";"9e7135ca-753b-4e5b-bff1-c27d45d1fe85"
"024837d0-6894-4345-a46f-941714eaadd6";"2019-12-04 11:42:06";"c209667d-134d-4b6d-969c-403f19873e16";"7";"43827957-7c98-436d-9a9b-2eb47096ef67"
"0307152f-de48-4d63-a48d-947cfdb75667";"2019-07-01 10:20:10";NULL;"104";"f623443a-d9cf-4302-97da-d29fd2696997"
"046c475f-39fa-4655-b3cf-a96ebda83a57";"2019-10-12 19:13:28";NULL;"97";"021ca281-b694-43e8-936a-9cbf98cbbdce"
"04a231bd-8485-4eb0-8add-3c13dd6f561b";"2020-01-03 17:03:21";"6c3654f8-9da7-4504-9d2b-12aa91e1823a";"123";"9e7135ca-753b-4e5b-bff1-c27d45d1fe85"
"05c7a8f0-04c7-4839-b568-e6330f7c3b7c";"2019-07-02 17:21:47";"1280565659354953";"12";"f623443a-d9cf-4302-97da-d29fd2696997"
"067e3c0f-f0c1-47bc-bb27-7da41a1204e2";"2019-10-13 11:33:12";NULL;"120";"021ca281-b694-43e8-936a-9cbf98cbbdce"
"071c0bd6-a510-495b-ab4b-e3e0775ac9cc";"2019-12-03 13:29:19";"35f5d63a-fc4a-4cfd-840b-ea4dcf1c0590";"123";"9e7135ca-753b-4e5b-bff1-c27d45d1fe85"
"077ade55-9655-4b02-beac-0509a109252e";"2019-07-10 17:06:13";NULL;"107";"d2961f68-9350-4b2b-939a-474bad8dc928"
"077c6f0e-38a9-43e2-95d9-40ed5300badc";"2019-10-13 10:10:37";NULL;"104";"1cb3dfd6-eb8a-42ca-8f72-56fc95f78f82"
"08b7e2a9-b5dc-4d8a-aeae-d2d6e306eca8";"2019-12-17 18:13:42";"56931ef8-8917-43a8-af47-b0b6b7abdbe0";"7";"43827957-7c98-436d-9a9b-2eb47096ef67"
"09277123-3632-40a5-9ef5-26a99ef249da";"2020-01-10 10:54:30";"96c910d2-8c4b-46f1-aa9e-09ab7024a5f0";"123";"9e7135ca-753b-4e5b-bff1-c27d45d1fe85"
"0a56819f-f46f-4d01-b87a-ab8dbb0cc937";"2019-12-04 11:48:55";"9aabb100-21d1-4b20-a1c3-3852b6fca5c5";"7";"43827957-7c98-436d-9a9b-2eb47096ef67"
"0bcb866d-6ec1-4222-aca3-e3c7d28f192c";"2019-10-13 10:10:43";NULL;"121";"1cb3dfd6-eb8a-42ca-8f72-56fc95f78f82"
"0be2a2ce-00bb-4fb0-a843-a85f1c4bf00e";"2019-10-12 19:13:29";NULL;"128";"021ca281-b694-43e8-936a-9cbf98cbbdce"
"0d9c0faa-a2f3-4295-900e-7c4bf3b1c95b";"2019-10-12 19:13:24";NULL;"20";"021ca281-b694-43e8-936a-9cbf98cbbdce"
"0dbc60a8-ceb4-47ff-9a89-9bb664cd6c20";"2019-10-12 19:13:26";NULL;"59";"021ca281-b694-43e8-936a-9cbf98cbbdce"
"0e5ca6f2-cdb2-483e-9bb0-daaa7ca8f804";"2019-07-08 14:33:34";"ded4b2ae-f0e1-42ed-b31a-8d6ce99f3e02";"12";"f623443a-d9cf-4302-97da-d29fd2696997"
"0e63cd99-fe03-48da-8742-edf9cffd0f86";"2019-10-13 11:33:09";NULL;"24";"021ca281-b694-43e8-936a-9cbf98cbbdce"
"0eb5c852-6a91-4b74-a444-aafd09eed4c5";"2019-07-04 11:04:24";NULL;"104";"d2961f68-9350-4b2b-939a-474bad8dc928"
"0f9f226a-0edf-4e9a-88c7-2fc185682ffc";"2019-07-10 15:30:08";"c0cd75d0-96fd-4898-854d-4c19fed66d0d";"108";"f623443a-d9cf-4302-97da-d29fd2696997"
"0fa4b026-8810-46e0-b0fe-d94cc21f26c7";"2019-10-12 19:13:26";NULL;"63";"021ca281-b694-43e8-936a-9cbf98cbbdce"
"0fc5cac3-3722-4970-a90c-d55ae2d1853d";"2019-12-12 11:29:32";"a806e9e9-6c55-45d5-8bbb-f37b8b00f363";"7";"37695149-ebaf-4c88-8766-5470860be535"
"0fca30ad-dabb-4f17-b6d3-604253ca9ab5";"2019-09-19 13:12:01";"46016eed-6b6f-4784-841b-5b07e3182418";"127";"f623443a-d9cf-4302-97da-d29fd2696997"
"1005ffd0-43ae-43e6-9cd2-17ed55fa8941";"2019-12-02 09:54:14";"f8e1f57a-3196-49ca-9aa3-b476c4572a6f";"148";"9e7135ca-753b-4e5b-bff1-c27d45d1fe85"
"103dd191-0002-4f5a-acd5-a22ae553975d";"2019-10-12 19:13:29";NULL;"120";"021ca281-b694-43e8-936a-9cbf98cbbdce"
"10c1f33e-beff-4bff-88c2-9485ebb4e16b";"2020-01-03 17:10:03";"132fc4bf-1f84-40ad-9934-46c5f889d646";"123";"9e7135ca-753b-4e5b-bff1-c27d45d1fe85"
"114959d4-b5e5-4c59-9f40-bd55a0554b34";"2020-01-03 17:22:21";"07308d5a-bb15-4a82-8ba8-a1f0ad342e0e";"123";"43827957-7c98-436d-9a9b-2eb47096ef67"
"13b58747-1121-4836-8c35-58b0fad3ef6f";"2019-10-24 17:14:11";"8d6acd3c-f9c7-4ce6-a9e0-1eeeb5ff0e3f";"123";"a604df3b-e114-462c-b5ef-e96464b2ab60"
"15157e68-4e27-4500-98f1-0070c8783254";"2019-10-13 11:33:08";NULL;"21";"021ca281-b694-43e8-936a-9cbf98cbbdce"
"156bb417-d1b7-45bd-a734-35bb3f803fa9";"2019-10-24 09:54:15";"30606e72-e9eb-4f55-9fb8-e95206b43b0d";"123";"65f46971-e2c1-4ae9-b52e-4b88de5d5e8e"
"157cf848-0b89-4d59-a124-ec8527ef05be";"2019-10-09 18:08:02";"7284b7b4-3c63-455b-a516-40a54828f1f0";"123";"f623443a-d9cf-4302-97da-d29fd2696997"
"170ead96-355e-49b7-87e4-85438ce87dfb";"2019-10-12 19:13:25";NULL;"33";"021ca281-b694-43e8-936a-9cbf98cbbdce"
"1731ae4c-ff38-42db-b2b4-62afff6d9952";"2019-09-27 11:11:45";"878773e3-5728-470e-8b95-38ba9a241ed8";"123";"f623443a-d9cf-4302-97da-d29fd2696997"
"17952667-08d0-4a1c-8d62-cb3973b422e6";"2019-10-12 20:05:56";NULL;"20";"021ca281-b694-43e8-936a-9cbf98cbbdce"
"188f80c7-304a-4ae4-9367-88c339d2aa55";"2019-10-12 19:13:25";NULL;"48";"021ca281-b694-43e8-936a-9cbf98cbbdce"
"1c0806e2-f1d9-4027-bea0-53ed343601f8";"2019-07-04 11:05:08";NULL;"104";"d2961f68-9350-4b2b-939a-474bad8dc928"
"1cee6264-4ea8-416a-8ec9-6dbc8e0784e3";"2019-08-27 14:07:48";"7ad14573-f223-4965-bd2c-404385eaf482";"43";"f623443a-d9cf-4302-97da-d29fd2696997"
"1d961c4a-09be-4c78-bdf8-43b31808fb68";"2019-10-12 19:13:24";NULL;"27";"021ca281-b694-43e8-936a-9cbf98cbbdce"
"1e084ec3-c74b-480b-8413-c98b605fe4db";"2019-11-11 14:38:28";"902f12ca-0a49-4c5c-8b0d-ac93e2b0b25b";"139";"9e7135ca-753b-4e5b-bff1-c27d45d1fe85"
"1ee310f8-cd40-4572-8348-9ffd6ae02f66";"2019-10-12 19:13:25";NULL;"44";"021ca281-b694-43e8-936a-9cbf98cbbdce"
"1f413384-55f4-47a3-8539-38de0a3eab1c";"2019-10-12 19:41:50";NULL;"9";"1cb3dfd6-eb8a-42ca-8f72-56fc95f78f82"
"1f4d28df-1c14-41aa-a56a-e838a9a1facf";"2019-10-13 11:33:09";NULL;"25";"021ca281-b694-43e8-936a-9cbf98cbbdce"
"1f61a03b-b71e-4bd2-be21-9106f97735e5";"2019-12-03 18:26:22";"1652a4d1-0c44-4f77-bce6-5f3118254d72";"123";"9e7135ca-753b-4e5b-bff1-c27d45d1fe85"
"1fbd2db6-743f-41ac-995a-12adc65166ea";"2019-07-03 09:52:51";"1281395659354953";"12";"f623443a-d9cf-4302-97da-d29fd2696997"
"20335486-758c-4b36-905d-208dad25b255";"2019-10-12 19:13:23";NULL;"9";"021ca281-b694-43e8-936a-9cbf98cbbdce"
"20db13b6-c9b8-4e1d-a8a8-2a0e89620f9a";"2019-07-03 09:21:44";"1281395659354953";"12";"f623443a-d9cf-4302-97da-d29fd2696997"
"213eb980-1274-4ab3-b686-87ebe791072a";"2019-10-12 19:13:23";NULL;"24";"021ca281-b694-43e8-936a-9cbf98cbbdce"
"2176ce5d-0d23-45e8-8819-35ed64c805c1";"2019-07-10 15:02:53";NULL;"108";"d2961f68-9350-4b2b-939a-474bad8dc928"
"25a89b48-c30a-4ce7-b6b4-c06f953b3924";"2019-10-13 10:10:48";NULL;"131";"1cb3dfd6-eb8a-42ca-8f72-56fc95f78f82"
"265d3247-73e5-4c6c-8796-9ea5fd1d3ee0";"2019-07-03 10:57:50";"1281575659354987";"7";"f623443a-d9cf-4302-97da-d29fd2696997"
"276d314f-6728-4996-83ed-bb9b741af626";"2019-10-12 19:13:27";NULL;"75";"021ca281-b694-43e8-936a-9cbf98cbbdce"
"288f66fe-f362-4f51-bc2f-d0fe9a7bb9b0";"2019-10-13 10:10:37";NULL;"97";"1cb3dfd6-eb8a-42ca-8f72-56fc95f78f82"
"2a5861ee-5c62-401d-9a06-64a8586c5444";"2019-12-17 18:09:21";"1e3ab1ff-9ab0-43b3-b4f3-ca2791a7d245";"7";"43827957-7c98-436d-9a9b-2eb47096ef67"
"2b89bf8e-e780-442e-9652-c4d73fb23cab";"2019-10-09 09:48:55";"aeb11391-bd5e-4dce-bb22-59eef8dc5b20";"97";"65f46971-e2c1-4ae9-b52e-4b88de5d5e8e"
"2bc73dc6-ba1e-4fca-ba7a-5031358a1f80";"2019-07-03 09:25:53";"1281395659354953";"12";"f623443a-d9cf-4302-97da-d29fd2696997"
"2dca38cb-c7c2-4e80-8aed-00428db34c63";"2019-07-10 15:58:22";"c847e65c-9254-42e7-92b7-fd13f0027400";"43";"f623443a-d9cf-4302-97da-d29fd2696997"
"2df4ce85-6f85-4dad-aa80-41c313ff7c80";"2019-07-03 09:58:28";"1281395659354953";"12";"f623443a-d9cf-4302-97da-d29fd2696997"
"2e06c8cc-9d60-4288-86b2-cb0757d43cb4";"2019-10-13 10:10:36";NULL;"86";"1cb3dfd6-eb8a-42ca-8f72-56fc95f78f82"
"2ee14e27-152b-4b2e-abad-00537afb5fcb";"2019-12-04 10:57:22";"87c475ba-6427-4315-903a-19d3cf81a125";"123";"9e7135ca-753b-4e5b-bff1-c27d45d1fe85"
"2ef0eef9-4006-43a3-8ce4-2808f253f3ff";"2019-10-12 19:13:29";NULL;"82";"021ca281-b694-43e8-936a-9cbf98cbbdce"
"2f63b7a2-d2cb-4b83-aead-1f5e98f950f1";"2019-10-12 19:13:30";NULL;"119";"021ca281-b694-43e8-936a-9cbf98cbbdce"
"2f820d41-09cc-4edf-9884-2abb876dc4a5";"2019-10-13 11:33:08";NULL;"22";"021ca281-b694-43e8-936a-9cbf98cbbdce"
"2fc5a20a-60aa-4227-bb46-3d96f243763b";"2019-10-12 19:13:26";NULL;"54";"021ca281-b694-43e8-936a-9cbf98cbbdce"
"30d77e07-20e1-40b1-a41a-003f5681a8b8";"2019-10-12 19:13:24";NULL;"41";"021ca281-b694-43e8-936a-9cbf98cbbdce"
"31e54d2a-182c-4ddb-91ba-356b269a9e85";"2019-10-13 10:10:33";NULL;"25";"1cb3dfd6-eb8a-42ca-8f72-56fc95f78f82"
"352e966c-a3b2-4c58-bbe6-33c3439754a7";"2019-10-12 19:13:29";NULL;"130";"021ca281-b694-43e8-936a-9cbf98cbbdce"
"355b444c-a3ab-4f16-919a-7624f84589e5";"2019-12-03 13:14:50";"a286146c-63f6-4096-8770-0549534f8c1b";"123";"9e7135ca-753b-4e5b-bff1-c27d45d1fe85"
"363268c2-6367-4732-881e-6162204109fe";"2019-10-12 17:40:21";NULL;"121";"021ca281-b694-43e8-936a-9cbf98cbbdce"
"365fd023-f857-4788-88a6-7fd8834f8f0d";"2019-12-15 04:10:03";"cf7149bb-8def-411c-93bd-bfe51656a180";"43";"9c85d23a-47f0-4e51-bb96-2597e95615aa"
"370537f1-ab1c-44df-8d9b-54793d5e6648";"2019-10-13 10:10:45";NULL;"125";"1cb3dfd6-eb8a-42ca-8f72-56fc95f78f82"
"37250860-fbfa-4e7f-be91-7ba6ffb84a09";"2019-10-12 19:13:23";NULL;"23";"021ca281-b694-43e8-936a-9cbf98cbbdce"
"372dca9f-14fc-4c36-b357-300752f40108";"2019-10-12 19:13:29";NULL;"100";"021ca281-b694-43e8-936a-9cbf98cbbdce"
"37969be7-b018-4560-a836-6d49f6268f85";"2019-12-05 11:01:12";"514cd271-8c4e-44d4-9d57-177e02f865df";"123";"9e7135ca-753b-4e5b-bff1-c27d45d1fe85"
"37c78d12-6546-43bb-96e2-88ea088cab4b";"2019-10-24 11:18:13";NULL;"123";"1cb3dfd6-eb8a-42ca-8f72-56fc95f78f82"
"37d1184b-0134-4963-848c-252fd4c3d2b6";"2019-10-12 19:13:29";NULL;"126";"021ca281-b694-43e8-936a-9cbf98cbbdce"
"3985376e-6f94-4150-8663-3719ae2b432e";"2019-10-24 17:16:55";NULL;"123";"1cb3dfd6-eb8a-42ca-8f72-56fc95f78f82"
"39a2f44d-ef99-4b2e-8e1f-f64c9ce3448a";"2019-07-08 13:29:17";NULL;"43";"d2961f68-9350-4b2b-939a-474bad8dc928"
"39d532d2-5161-4623-88d3-6193ca50de21";"2019-10-12 19:13:23";NULL;"3";"021ca281-b694-43e8-936a-9cbf98cbbdce"
"3bbdb2d7-cb6f-4f24-8b84-15334f7b9fef";"2019-10-12 19:13:26";NULL;"49";"021ca281-b694-43e8-936a-9cbf98cbbdce"
"3c841e09-c7d1-4dbd-b5ea-981a13bf335a";"2019-10-11 17:08:41";"f4f3b5e5-48d3-4c3e-a7f6-12b719e13f76";"7";"65f46971-e2c1-4ae9-b52e-4b88de5d5e8e"
"3cb68289-5c34-437e-9078-d24645d1f7c1";"2019-11-15 09:50:47";"41e29c0e-3853-4d84-a007-9e3edce7c6e7";"7";"43827957-7c98-436d-9a9b-2eb47096ef67"
"3d6a6509-a6b6-4e67-8c61-4be9dc1e228f";"2019-10-28 14:24:54";"19347577-ec0b-4992-9816-a49431402723";"43";"9e7135ca-753b-4e5b-bff1-c27d45d1fe85"
"3da43119-8010-4ff5-8c7e-c6f3219de677";"2020-01-10 10:46:34";"228dad60-3998-4b64-9dbd-b6119efd9b1c";"123";"9e7135ca-753b-4e5b-bff1-c27d45d1fe85"
"4237db98-3eda-4e49-b99e-a9961e7afd60";"2019-10-13 11:33:10";NULL;"47";"021ca281-b694-43e8-936a-9cbf98cbbdce"
"42773690-670b-4372-aef0-14362996d163";"2019-07-08 13:23:07";NULL;"12";"d2961f68-9350-4b2b-939a-474bad8dc928"
"43bfa741-4668-45e5-b88f-3b7ddea3bd94";"2019-10-12 19:13:29";NULL;"99";"021ca281-b694-43e8-936a-9cbf98cbbdce"
"43f61ddd-e727-498c-8603-4017c5bc08f0";"2019-10-13 10:10:48";NULL;"129";"1cb3dfd6-eb8a-42ca-8f72-56fc95f78f82"
"4408a03d-f484-40b3-a08c-c67e944f404a";"2019-07-08 12:19:23";NULL;"2";"d2961f68-9350-4b2b-939a-474bad8dc928"
"48c6057b-2866-4481-a91f-72ef61b81af6";"2019-07-08 10:57:06";NULL;"0";"d2961f68-9350-4b2b-939a-474bad8dc928"
"48d438ae-d8e3-4eb1-94ad-3dd4ddf40c74";"2020-01-10 10:51:10";"0ca29920-35cf-4bb3-a424-ef112d05686b";"123";"9e7135ca-753b-4e5b-bff1-c27d45d1fe85"
"490dad4f-4489-46d2-9325-8888479c2e26";"2019-10-09 16:41:59";"3ecec2bc-cddb-4b76-848e-b5631af21716";"123";"1cb3dfd6-eb8a-42ca-8f72-56fc95f78f82"
"4970eacb-d65b-4cda-a8e5-4cf0ba323f14";"2019-12-03 02:27:44";"0c6992ec-884a-42a1-ade3-2725dbeac368";"7";"43827957-7c98-436d-9a9b-2eb47096ef67"
"49be1ed3-2184-4326-84ec-d6cbfe15fb77";"2019-12-03 13:20:45";"7116ad7e-778a-456a-962a-a76bb765ed09";"123";"9e7135ca-753b-4e5b-bff1-c27d45d1fe85"
"4a198b0c-ac81-4a81-9f69-3248aa565572";"2019-11-28 14:34:35";"aa54846a-787f-4151-918b-528e085d7841";"123";"65f46971-e2c1-4ae9-b52e-4b88de5d5e8e"
"4beb1f7c-a17d-428e-ae2d-5930db3b29e6";"2019-10-12 19:13:29";NULL;"107";"021ca281-b694-43e8-936a-9cbf98cbbdce"
"4c082ae1-a90d-4eec-a03e-87dccc075d55";"2019-10-12 19:13:26";NULL;"55";"021ca281-b694-43e8-936a-9cbf98cbbdce"
"4d2c0c01-eaff-4f8c-b7c7-8e324bc25ffa";"2019-07-03 09:20:51";"1281395659354953";"12";"f623443a-d9cf-4302-97da-d29fd2696997"
"4d8580c0-f26b-474d-88e0-01a1b7b8b1e7";"2019-10-13 10:10:39";NULL;"107";"1cb3dfd6-eb8a-42ca-8f72-56fc95f78f82"
"4dcebcdf-a919-4a59-8526-50e19d109e1a";"2019-10-12 19:13:29";NULL;"121";"021ca281-b694-43e8-936a-9cbf98cbbdce"
"501219f1-f930-4201-9acb-afab8f8e6180";"2019-12-03 14:38:43";"ff5bf355-6b60-4127-a204-ebd49871e75f";"123";"9e7135ca-753b-4e5b-bff1-c27d45d1fe85"
"50a9a059-a962-44ca-8f9e-a54ec1217d36";"2019-07-03 10:02:43";"1281395659354953";"12";"f623443a-d9cf-4302-97da-d29fd2696997"
"51923115-5297-4f78-be57-41ad349bdc09";"2019-10-09 18:54:47";NULL;"97";"c78c0b14-06b7-4896-8920-b7089e178c3f"
"53b16a66-132f-424c-97e3-ffaf341963ff";"2019-10-12 19:13:28";NULL;"94";"021ca281-b694-43e8-936a-9cbf98cbbdce"
"547814ed-4623-4e26-8b7d-9d9e631c0955";"2020-01-03 16:28:23";"0c892e7d-4a83-4ee6-af8d-765da62d4343";"123";"9e7135ca-753b-4e5b-bff1-c27d45d1fe85"
"58010452-3641-4866-8d75-fe0e15009643";"2019-12-03 13:26:38";"70fb754e-9320-4420-9737-86ac4450891b";"123";"9e7135ca-753b-4e5b-bff1-c27d45d1fe85"
"583aaf76-b688-4c09-9e87-8a05b919ff6d";"2019-10-13 11:33:09";NULL;"23";"021ca281-b694-43e8-936a-9cbf98cbbdce"
"59c180a1-e1b5-4a99-bd81-72a5c43defd1";"2019-10-13 11:33:13";NULL;"127";"021ca281-b694-43e8-936a-9cbf98cbbdce"
"59d34960-3906-4a39-baaa-36d18c3fed14";"2019-10-13 11:33:08";NULL;"7";"021ca281-b694-43e8-936a-9cbf98cbbdce"
"5a26d3f3-3c27-417d-bbe7-039c917efe9d";"2019-10-09 18:32:09";"1e972fd4-b882-41d2-adef-5691ea1936cb";"97";"1cb3dfd6-eb8a-42ca-8f72-56fc95f78f82"
"5a422c0b-ea45-4e80-9695-12320bda1ffd";"2019-12-11 12:26:38";"2a58aa1d-ea61-4bd6-bde3-a4bf39b119b9";"123";"9e7135ca-753b-4e5b-bff1-c27d45d1fe85"
"5b2c1672-888e-4952-969e-1afa42d242cc";"2019-10-12 19:13:27";NULL;"72";"021ca281-b694-43e8-936a-9cbf98cbbdce"
"5bfae134-d99b-4819-9acd-a4d7d2ab3554";"2020-01-03 17:04:42";"cc230796-ca5e-4ec0-992b-9073e3fe8ff2";"154";"9e7135ca-753b-4e5b-bff1-c27d45d1fe85"
"5d9cd5e8-073c-4507-a6d8-2955ec972f59";"2019-10-13 10:10:48";NULL;"130";"1cb3dfd6-eb8a-42ca-8f72-56fc95f78f82"
"5e9c02ef-77ab-4573-bb0a-72dd8694347e";"2019-10-12 19:13:24";NULL;"26";"021ca281-b694-43e8-936a-9cbf98cbbdce"
"60176279-4ac5-4895-b2e5-ba9f81338ede";"2019-10-13 11:33:13";NULL;"126";"021ca281-b694-43e8-936a-9cbf98cbbdce"
"60cd3335-683f-4732-8b69-0b37562b1b6e";"2019-10-12 19:13:26";NULL;"60";"021ca281-b694-43e8-936a-9cbf98cbbdce"
"6111a55b-6436-4320-87f3-ddc2e4dd2487";"2019-07-04 15:20:00";NULL;"0";"d2961f68-9350-4b2b-939a-474bad8dc928"
"62548371-471e-4590-8078-6c62a1d5fb33";"2019-10-13 10:10:46";NULL;"128";"1cb3dfd6-eb8a-42ca-8f72-56fc95f78f82"
"63371bff-7a38-4d09-a2bd-88ca53264f92";"2020-01-02 14:41:52";"f069d007-37a6-4991-bc2a-292af52326c1";"123";"37695149-ebaf-4c88-8766-5470860be535"
"635f3eaa-5085-49cf-b784-8c9e2cc31ce5";"2019-07-08 14:23:55";NULL;"12";"d2961f68-9350-4b2b-939a-474bad8dc928"
"63bc78a0-4d26-42c8-ad48-20bf8655bf4a";"2019-10-13 11:33:11";NULL;"118";"021ca281-b694-43e8-936a-9cbf98cbbdce"
"64184d9c-db6c-48d3-9ecc-5360f321c255";"2019-10-12 19:13:27";NULL;"66";"021ca281-b694-43e8-936a-9cbf98cbbdce"
"65402f94-631d-4d54-81a9-031c125f868b";"2019-10-09 10:45:16";"ee729b32-dcc9-4a88-9151-2787b384f7d0";"123";"f623443a-d9cf-4302-97da-d29fd2696997"
"65d66838-9a2d-4099-a30a-0991faa7f298";"2019-10-12 19:13:27";NULL;"64";"021ca281-b694-43e8-936a-9cbf98cbbdce"
"665784b6-b70c-4fad-ad26-d23b606d2789";"2019-07-08 11:42:52";NULL;"0";"d2961f68-9350-4b2b-939a-474bad8dc928"
"66953b6b-16a7-4cf4-8980-c0ae302b41c0";"2019-07-08 13:18:53";NULL;"12";"d2961f68-9350-4b2b-939a-474bad8dc928"
"68019874-236c-430a-8ec6-db08c3e7b6ed";"2019-11-28 14:42:59";"07ee9ce7-9a2c-4a8f-95a6-eb82e4bc0aa8";"123";"9e7135ca-753b-4e5b-bff1-c27d45d1fe85"
"680cdf51-e0d1-4ef7-a77a-d9d59c0325c3";"2019-07-09 13:40:44";NULL;"104";"f623443a-d9cf-4302-97da-d29fd2696997"
"689791ed-1edb-4d6f-91ad-c8780015860f";"2019-10-12 19:13:26";NULL;"39";"021ca281-b694-43e8-936a-9cbf98cbbdce"
"68aeff81-6797-4ac2-b2d3-f97771baeea9";"2019-07-05 14:41:31";NULL;"0";"d2961f68-9350-4b2b-939a-474bad8dc928"
"695fe7ea-8349-4ec6-879c-036bc5fc928a";"2019-07-10 15:55:20";"50100920-bd5a-44c9-a8e5-c70f12c5f93a";"84";"f623443a-d9cf-4302-97da-d29fd2696997"
"6ae46a86-3844-41a8-8659-e279abb032dd";"2019-10-12 19:13:28";NULL;"104";"021ca281-b694-43e8-936a-9cbf98cbbdce"
"6b2dfad1-7819-46f0-b20a-a87bbd1a3b19";"2019-10-12 19:13:24";NULL;"21";"021ca281-b694-43e8-936a-9cbf98cbbdce"
"6b4f21a2-9b5e-41ff-a2fa-20cf35d4db09";"2019-10-12 19:13:26";NULL;"47";"021ca281-b694-43e8-936a-9cbf98cbbdce"
"6bcf4bd9-ded8-4f3c-9ed2-0e2b66b0cc00";"2019-10-13 10:10:41";NULL;"118";"1cb3dfd6-eb8a-42ca-8f72-56fc95f78f82"
"6bd647cb-7c91-4d9b-9ee4-6e63df6845c1";"2019-10-13 11:33:16";NULL;"131";"021ca281-b694-43e8-936a-9cbf98cbbdce"
"6c1ea074-5eb1-4191-9756-de1a4bdd7146";"2019-10-13 11:33:14";NULL;"129";"021ca281-b694-43e8-936a-9cbf98cbbdce"
"6ce1d97b-3898-4792-8a1d-2bf39607bc2d";"2019-12-02 09:50:33";"35fe8588-e7ea-44ef-bd50-79e6e7972d64";"148";"9e7135ca-753b-4e5b-bff1-c27d45d1fe85"
"6ee76d54-8149-4471-91d1-47d0437bb75c";"2019-10-12 19:13:29";NULL;"111";"021ca281-b694-43e8-936a-9cbf98cbbdce"
"6f3290cd-e226-4542-a75d-758aec9576d5";"2019-10-12 19:13:27";NULL;"67";"021ca281-b694-43e8-936a-9cbf98cbbdce"
"6f5cf7ff-fefe-417e-b42e-14d8cb05469d";"2019-07-03 09:52:04";"1281395659354953";"12";"f623443a-d9cf-4302-97da-d29fd2696997"
"700117ff-38d9-4811-b905-cb5b1e41f915";"2019-10-12 19:13:26";NULL;"52";"021ca281-b694-43e8-936a-9cbf98cbbdce"
"70840847-2199-471a-a56e-4e8643e2d510";"2019-07-09 14:03:39";NULL;"43";"d2961f68-9350-4b2b-939a-474bad8dc928"
"717e04d7-197d-4b44-bc8c-951da34176ca";"2019-10-12 17:40:21";NULL;"120";"021ca281-b694-43e8-936a-9cbf98cbbdce"
"727bdd20-e23f-4c0e-9acc-5179d4b9a357";"2019-10-12 19:13:26";NULL;"51";"021ca281-b694-43e8-936a-9cbf98cbbdce"
"728c65e9-473a-436c-8414-e9ede7e96315";"2019-10-12 17:40:21";NULL;"131";"021ca281-b694-43e8-936a-9cbf98cbbdce"
"733efe70-ef2a-4d0a-a6cf-f337490575f3";"2020-01-10 10:52:35";"e95c7d77-24f9-4c6d-b2d2-d0489ba07dd7";"123";"9e7135ca-753b-4e5b-bff1-c27d45d1fe85"
"74cd6576-7646-4984-b96f-d84f51e9170b";"2019-10-24 17:33:13";NULL;"123";"a604df3b-e114-462c-b5ef-e96464b2ab60"
"75161ea6-741a-4dc0-8965-a489946d640a";"2019-10-09 17:01:25";"c883cba4-ea28-4859-a2a7-c033b34c7198";"97";"1cb3dfd6-eb8a-42ca-8f72-56fc95f78f82"
"752ab944-6a0f-4f2e-8c98-e5b6862a6cfd";"2019-10-13 10:10:44";NULL;"123";"1cb3dfd6-eb8a-42ca-8f72-56fc95f78f82"
"768b4ba6-3a86-45a7-be08-265d60e6d4a4";"2019-10-12 19:13:24";NULL;"36";"021ca281-b694-43e8-936a-9cbf98cbbdce"
"792d7a0e-fbbe-4d31-8e09-b51f22c37672";"2019-10-13 10:10:35";NULL;"84";"1cb3dfd6-eb8a-42ca-8f72-56fc95f78f82"
"7a483f25-c530-46da-835d-254ef7d12f79";"2019-07-08 11:36:54";NULL;"1";"d2961f68-9350-4b2b-939a-474bad8dc928"
"7a9e5a9a-bff9-4faa-ab19-a80a1dc9b154";"2019-10-12 19:13:28";NULL;"89";"021ca281-b694-43e8-936a-9cbf98cbbdce"
"7c65dc76-659d-42a5-9058-bb77b792992a";"2019-10-12 19:13:30";NULL;"131";"021ca281-b694-43e8-936a-9cbf98cbbdce"
"7d7986cf-cf98-4bd8-b9ce-63d11041c7a1";"2019-10-13 10:10:45";NULL;"126";"1cb3dfd6-eb8a-42ca-8f72-56fc95f78f82"
"7df7b6f6-a688-432a-a3a6-5a5b91929dce";"2019-10-12 19:13:28";NULL;"80";"021ca281-b694-43e8-936a-9cbf98cbbdce"
"7e11aee1-03a2-4b16-a6b6-81542bc265f7";"2019-10-13 10:10:44";NULL;"122";"1cb3dfd6-eb8a-42ca-8f72-56fc95f78f82"
"7ec5a34f-6a29-4ac9-a24c-7eb23d3f71e5";"2019-07-05 14:27:36";"99cbcd1b-4ea1-4979-a813-cc569579779f";"12";"f623443a-d9cf-4302-97da-d29fd2696997"
"7f39ce35-8aba-4c6e-8373-6f00263b1e00";"2019-10-13 11:33:07";NULL;"3";"021ca281-b694-43e8-936a-9cbf98cbbdce"
"8004022e-3241-460b-bc9b-2ead49e3be69";"2019-11-28 14:23:39";"fcab95bb-e157-4185-aa8c-cef0794df0ae";"123";"65f46971-e2c1-4ae9-b52e-4b88de5d5e8e"
"8070cea1-a8b9-460f-b3ce-ecda6b1112ab";"2019-10-13 11:33:10";NULL;"86";"021ca281-b694-43e8-936a-9cbf98cbbdce"
"80fa73d2-501e-401d-9c12-091561e01a96";"2019-11-28 14:44:07";"6c3492f8-8706-4fce-b3ae-6965d4d99c2d";"123";"9e7135ca-753b-4e5b-bff1-c27d45d1fe85"
"81addb24-9f33-4df2-897b-61c6939c75ea";"2019-10-13 11:33:12";NULL;"122";"021ca281-b694-43e8-936a-9cbf98cbbdce"
"8268be28-9e13-4ccf-8938-df7a76fc5ab2";"2019-10-12 19:13:24";NULL;"12";"021ca281-b694-43e8-936a-9cbf98cbbdce"
"8308c137-dd74-4424-8b12-0b7e9166ebd9";"2019-10-12 17:40:21";NULL;"122";"021ca281-b694-43e8-936a-9cbf98cbbdce"
"84772406-5de5-41f6-a1c9-6dd1802c797f";"2019-12-12 02:32:16";"94a21224-3cdd-4dfe-b501-0e47a10e5598";"43";"37695149-ebaf-4c88-8766-5470860be535"
"84773444-8303-4d77-b2dc-615450e3bd28";"2019-10-12 19:13:29";NULL;"95";"021ca281-b694-43e8-936a-9cbf98cbbdce"
"856d5069-13b6-4fc7-8f78-5c4e54f9c73d";"2019-10-13 11:33:14";NULL;"128";"021ca281-b694-43e8-936a-9cbf98cbbdce"
"85f9e359-43cc-45ab-8f3e-c5fd1d5726ae";"2019-12-03 13:54:22";"682219e3-063b-4a52-a613-0c1f89930fab";"123";"9e7135ca-753b-4e5b-bff1-c27d45d1fe85"
"86deb7ab-fbf6-455e-8099-05579d03bfba";"2019-10-13 10:10:33";NULL;"32";"1cb3dfd6-eb8a-42ca-8f72-56fc95f78f82"
"872e4cec-ec54-4851-9959-4680f86627de";"2019-07-03 10:56:55";"1281565659354987";"7";"f623443a-d9cf-4302-97da-d29fd2696997"
"87335981-bce7-4617-a427-0a814a684bb2";"2019-11-28 14:36:34";"913d6882-2a82-4903-9618-ec8158db9fdb";"123";"9e7135ca-753b-4e5b-bff1-c27d45d1fe85"
"87594f27-8a3b-4711-ad32-cf18494e41a7";"2019-12-04 17:24:55";"dc2ac74b-bba1-4599-9b4a-0df303b09b67";"132";"9e7135ca-753b-4e5b-bff1-c27d45d1fe85"
"87d2c692-91dd-4542-9078-748218e79e8d";"2019-10-12 19:13:25";NULL;"37";"021ca281-b694-43e8-936a-9cbf98cbbdce"
"87fd1f3b-a2b3-4e47-bc4b-6731b4881451";"2019-10-12 19:13:28";NULL;"93";"021ca281-b694-43e8-936a-9cbf98cbbdce"
"881ba923-b60c-4af4-9a62-b22bf1eb729f";"2020-01-03 16:09:07";"443ad5db-f410-4793-be81-b68f1e4dcbaf";"7";"43827957-7c98-436d-9a9b-2eb47096ef67"
"88c97027-31d4-46e4-8eb0-e49ee9b5c8a0";"2019-12-04 10:49:32";"97b01f21-b79f-4cf9-9ffc-a271445dec52";"123";"9e7135ca-753b-4e5b-bff1-c27d45d1fe85"
"88dc309b-326a-409a-b710-4e7ddd2c096a";"2019-10-12 19:13:28";NULL;"84";"021ca281-b694-43e8-936a-9cbf98cbbdce"
"89ce54ef-4d83-4821-9d12-36659da61fb5";"2019-10-12 19:13:29";NULL;"113";"021ca281-b694-43e8-936a-9cbf98cbbdce"
"89eeb3bc-e788-41e0-b22f-cd7d9af81afa";"2019-10-12 19:13:29";NULL;"118";"021ca281-b694-43e8-936a-9cbf98cbbdce"
"8a1f3df8-523c-47aa-a5ee-9fce1529ce73";"2019-10-11 14:04:17";"aafb2ae4-109a-4ec8-ac7b-8c87641a40c1";"123";"1cb3dfd6-eb8a-42ca-8f72-56fc95f78f82"
"8a21ebb9-8778-4d31-8d25-dc12525509b9";"2019-10-24 11:19:17";NULL;"123";"1cb3dfd6-eb8a-42ca-8f72-56fc95f78f82"
"8bd7fe4b-7d71-419e-8105-d14969adc633";"2019-12-05 10:46:30";"9b2b2d96-9a2b-462a-94bc-374e7c5d49dd";"123";"9e7135ca-753b-4e5b-bff1-c27d45d1fe85"
"8d40ae51-1b59-4994-b8ac-31282b52cde5";"2019-12-03 02:29:43";"4bde3326-a978-46c2-b12e-41d4ab7cd789";"7";"43827957-7c98-436d-9a9b-2eb47096ef67"
"8ec4ddc5-75e7-4507-86db-84b97d28b8c0";"2019-10-12 19:13:23";NULL;"7";"021ca281-b694-43e8-936a-9cbf98cbbdce"
"8f15cec8-e6af-4d4d-b780-0bfcc5e16a94";"2019-10-09 13:41:48";"0d0c7a23-cf5f-4efa-95bb-1652ab30abbd";"97";"65f46971-e2c1-4ae9-b52e-4b88de5d5e8e"
"9008f0d0-ac2d-4569-bd3d-fd26219e53f8";"2019-10-12 19:13:27";NULL;"56";"021ca281-b694-43e8-936a-9cbf98cbbdce"
"903100d4-a0e9-4374-be38-26fa94fcb31d";"2019-07-09 10:06:07";"79736b52-0852-4fbc-ad1a-33d51104ce71";"12";"f623443a-d9cf-4302-97da-d29fd2696997"
"90e30765-9921-41f3-914c-35f1040921ba";"2020-01-06 12:37:24";"8ce49d9c-af45-4216-9efb-474dbee8c528";"123";"9e7135ca-753b-4e5b-bff1-c27d45d1fe85"
"91ed8ec7-5955-4729-8e46-2b7e476f2e9f";"2019-07-05 15:09:21";NULL;"0";"d2961f68-9350-4b2b-939a-474bad8dc928"
"91f00d68-53ee-4ef6-b908-d9b9aa929fb7";"2019-10-13 10:10:30";NULL;"21";"1cb3dfd6-eb8a-42ca-8f72-56fc95f78f82"
"923083fa-e2b6-4911-869d-99812c7784d7";"2020-01-10 10:53:42";"678e5106-562c-4e33-8917-4c2c416b3459";"123";"9e7135ca-753b-4e5b-bff1-c27d45d1fe85"
"92d60647-35a0-40a5-a33f-9e48a8cb6ba5";"2019-07-03 10:11:09";"1281395659354953";"12";"f623443a-d9cf-4302-97da-d29fd2696997"
"93017199-c23c-45c0-a661-cd0bf01d2a0d";"2019-12-02 16:59:59";"7b396ea1-7c7c-4c2a-957b-11ddcd5dbb5e";"7";"43827957-7c98-436d-9a9b-2eb47096ef67"
"93bea34f-2ce1-4ce1-9460-ae3d9babc00e";"2019-10-13 10:10:33";NULL;"24";"1cb3dfd6-eb8a-42ca-8f72-56fc95f78f82"
"94663a90-1ecd-42bc-9718-ec4bfc3ed524";"2019-10-13 11:33:08";NULL;"12";"021ca281-b694-43e8-936a-9cbf98cbbdce"
"94b62794-6c3f-46a5-83af-5a25237d3434";"2019-10-12 19:13:29";NULL;"85";"021ca281-b694-43e8-936a-9cbf98cbbdce"
"96839d7b-09d4-46c5-ac31-24d22cd04ca0";"2019-10-12 19:13:27";NULL;"69";"021ca281-b694-43e8-936a-9cbf98cbbdce"
"97729f33-7bb8-4fd2-a637-8861634953cb";"2019-10-12 19:13:25";NULL;"46";"021ca281-b694-43e8-936a-9cbf98cbbdce"
"97897188-09de-4f48-b4dc-5e36564eb954";"2019-10-13 11:33:14";NULL;"130";"021ca281-b694-43e8-936a-9cbf98cbbdce"
"9b7c6cbd-4bdf-470e-a2f9-afa519c77720";"2019-10-13 11:33:10";NULL;"32";"021ca281-b694-43e8-936a-9cbf98cbbdce"
"9c2d05c3-a4b7-4d33-a4fc-49ce8f1ac2ad";"2019-10-12 19:13:28";NULL;"86";"021ca281-b694-43e8-936a-9cbf98cbbdce"
"9d36f166-600a-4ad2-a484-763e79a40ce5";"2019-12-04 17:26:14";"81527715-f690-4b26-9a5d-1b581f3c1d38";"132";"9e7135ca-753b-4e5b-bff1-c27d45d1fe85"
"9dfd99d5-d2f6-4903-84b8-a6560f34bd42";"2019-07-03 16:33:23";"1282085659354953";"12";"f623443a-d9cf-4302-97da-d29fd2696997"
"9e4fc169-c650-484a-8a53-947da7f7edbe";"2019-10-12 19:13:29";NULL;"110";"021ca281-b694-43e8-936a-9cbf98cbbdce"
"9f1a77a7-04a6-4db8-8ea2-faa6b1f3b9c5";"2019-10-12 19:13:30";NULL;"122";"021ca281-b694-43e8-936a-9cbf98cbbdce"
"9f914717-72c5-4686-924f-48551da896e6";"2019-07-04 13:15:00";NULL;"0";"d2961f68-9350-4b2b-939a-474bad8dc928"
"9fdb15bf-d1ec-418a-ba7e-8c70f12db499";"2019-10-10 15:20:28";"e82a889a-3b8f-48d5-9093-5ad27278f0c3";"123";"a604df3b-e114-462c-b5ef-e96464b2ab60"
"a05698e0-92d9-47dc-a2ec-44c3cadc3454";"2019-10-13 11:33:12";NULL;"121";"021ca281-b694-43e8-936a-9cbf98cbbdce"
"a122bb8a-7d26-4743-8556-6e6979511686";"2019-07-02 16:59:00";"1280565659354953";"12";"f623443a-d9cf-4302-97da-d29fd2696997"
"a16bb6dc-5e86-4091-ae80-90e7d30dfc62";"2019-10-12 19:13:24";NULL;"30";"021ca281-b694-43e8-936a-9cbf98cbbdce"
"a326f79e-20f3-486b-bf8b-6adf6c965038";"2019-10-12 19:13:29";NULL;"88";"021ca281-b694-43e8-936a-9cbf98cbbdce"
"a3b3b13a-1b6d-4eef-86bc-69511870d681";"2019-09-09 10:06:21";"8d35a7b7-bbcc-40d2-83db-c136833d849c";"12";"a604df3b-e114-462c-b5ef-e96464b2ab60"
"a4358693-1dc2-4653-85f2-be57ec8a1320";"2019-09-27 10:19:16";"231b81fa-2229-47f0-82f4-9b2741a13a00";"7";"a604df3b-e114-462c-b5ef-e96464b2ab60"
"a444ae67-22b2-4a80-a238-77e81940c82c";"2019-10-13 10:10:40";NULL;"117";"1cb3dfd6-eb8a-42ca-8f72-56fc95f78f82"
"a575be72-ffc8-4824-be0e-003eb9173f9c";"2020-01-03 17:13:23";"0f8c8965-0de3-4221-b18b-2d2e8767ce27";"7";"43827957-7c98-436d-9a9b-2eb47096ef67"
"a600c293-1753-40e4-bbda-968bd3bb6dd0";"2019-10-13 11:33:12";NULL;"119";"021ca281-b694-43e8-936a-9cbf98cbbdce"
"a87af10b-ddb1-4d16-b0c1-db85bf530ca8";"2019-10-13 10:10:35";NULL;"47";"1cb3dfd6-eb8a-42ca-8f72-56fc95f78f82"
"a8da5a40-77f5-452d-9474-114e59e18a68";"2020-01-06 13:12:02";"96f01d8c-ce26-47fe-bada-4055dd6e97b8";"123";"9e7135ca-753b-4e5b-bff1-c27d45d1fe85"
"a8f87bae-ab49-4b9e-aae4-be51b211fa8b";"2019-11-28 10:50:55";"83cef4ac-5dfc-438f-ae5c-0fde4746cf0e";"123";"9e7135ca-753b-4e5b-bff1-c27d45d1fe85"
"a9a32947-f542-43a9-b757-e2d780cb4f73";"2019-10-12 19:13:27";NULL;"58";"021ca281-b694-43e8-936a-9cbf98cbbdce"
"a9bb61cd-1ec1-420a-961d-82e8faa4f30e";"2019-07-03 09:11:22";"1281395659354953";"12";"f623443a-d9cf-4302-97da-d29fd2696997"
"aa3c198e-8944-4b5e-b4e4-362fe4f12491";"2019-10-13 11:33:11";NULL;"117";"021ca281-b694-43e8-936a-9cbf98cbbdce"
"acdd42f2-5bb5-4476-bfd2-6d9d271d959b";"2019-07-11 15:09:06";NULL;"117";"d2961f68-9350-4b2b-939a-474bad8dc928"
"ad67a4cc-9827-4c18-a8a7-556315119061";"2019-10-12 19:13:24";NULL;"32";"021ca281-b694-43e8-936a-9cbf98cbbdce"
"af92e981-4feb-4095-b35d-5ad9a2eea778";"2020-01-06 13:11:10";"c8874340-8c79-439e-b409-9b22f7ef85a8";"123";"9e7135ca-753b-4e5b-bff1-c27d45d1fe85"
"b0e8e2e2-b198-4054-90be-402fc8c32532";"2019-07-09 13:38:47";NULL;"12";"d2961f68-9350-4b2b-939a-474bad8dc928"
"b16ce13a-6902-4128-8fb1-838c6c91c053";"2019-10-12 19:13:26";NULL;"53";"021ca281-b694-43e8-936a-9cbf98cbbdce"
"b252b572-8fea-48c5-bb89-e7edfd03d592";"2019-10-12 19:13:26";NULL;"43";"021ca281-b694-43e8-936a-9cbf98cbbdce"
"b255124a-4fc0-491e-b554-18fdd0a72360";"2019-10-13 10:10:40";NULL;"108";"1cb3dfd6-eb8a-42ca-8f72-56fc95f78f82"
"b26348bd-2e4e-44b9-aff8-20e84087a4e6";"2019-07-08 11:05:57";NULL;"0";"d2961f68-9350-4b2b-939a-474bad8dc928"
"b2bd09f1-a21e-42e2-ab8f-ca40451716d8";"2019-10-09 18:05:40";"30606e72-e9eb-4f55-9fb8-e95206b43b0d";"123";"65f46971-e2c1-4ae9-b52e-4b88de5d5e8e"
"b4027395-d072-4a72-a157-90407c3ab977";"2019-10-10 09:11:02";"68048805-59e4-4316-ac3e-9198b421b407";"123";"1cb3dfd6-eb8a-42ca-8f72-56fc95f78f82"
"b5393d52-e56f-43ad-a994-7be903759bfa";"2019-10-12 19:13:24";NULL;"40";"021ca281-b694-43e8-936a-9cbf98cbbdce"
"b63dada1-0a6a-436f-8f65-ae5004bc9e6c";"2019-07-04 19:27:43";"236";"43";"f623443a-d9cf-4302-97da-d29fd2696997"
"b6d59d67-7023-4da0-bd71-41265bcaf438";"2019-10-12 19:13:29";NULL;"125";"021ca281-b694-43e8-936a-9cbf98cbbdce"
"b739c47a-69ce-4a01-bc7d-09326632ae69";"2019-09-27 08:37:18";"fb0f63b2-9c37-409a-9a7c-3b8419939eba";"43";"7742bfa4-099d-46d5-9328-4b679a677c3b"
"b954013a-6aba-4f63-86f3-b90b7b80d77c";"2019-07-01 10:18:46";NULL;"1";"f623443a-d9cf-4302-97da-d29fd2696997"
"b9d18623-1e54-4758-b7a1-49bdda0c0a77";"2019-07-08 11:24:24";NULL;"12";"d2961f68-9350-4b2b-939a-474bad8dc928"
"b9db6a5a-337b-4fde-92da-1571dac01234";"2019-07-03 18:28:38";"235";"43";"f623443a-d9cf-4302-97da-d29fd2696997"
"baf225d8-b23a-4ab1-b4f7-246c8c979baa";"2019-10-12 19:13:29";NULL;"112";"021ca281-b694-43e8-936a-9cbf98cbbdce"
"bb0f2a36-7910-4208-875d-b58f59aa037b";"2019-10-12 19:13:29";NULL;"123";"021ca281-b694-43e8-936a-9cbf98cbbdce"
"bb14a87c-c056-409c-9862-edad5ef5f7a5";"2019-10-12 17:40:21";NULL;"124";"021ca281-b694-43e8-936a-9cbf98cbbdce"
"bb53054f-6da1-42d5-8b84-ccc72f5e20e6";"2019-10-10 15:22:52";NULL;"123";"f623443a-d9cf-4302-97da-d29fd2696997"
"bbc9d756-ec8f-4b52-9898-25e1f3b41dce";"2019-10-12 19:13:25";NULL;"50";"021ca281-b694-43e8-936a-9cbf98cbbdce"
"bc55f149-403d-4dbe-be4d-be1901f76750";"2019-07-01 10:19:21";NULL;"2";"f623443a-d9cf-4302-97da-d29fd2696997"
"bd0a22ca-5388-48a9-a865-ba31c00cd080";"2019-07-08 13:50:23";"ded4b2ae-f0e1-42ed-b31a-8d6ce99f3e02";"12";"f623443a-d9cf-4302-97da-d29fd2696997"
"bf090d72-b02e-4074-a22a-88774c2c5436";"2019-10-13 10:10:29";NULL;"12";"1cb3dfd6-eb8a-42ca-8f72-56fc95f78f82"
"bf8c536a-cf94-4e1b-93af-cf1420b0b896";"2019-10-13 10:10:28";NULL;"3";"1cb3dfd6-eb8a-42ca-8f72-56fc95f78f82"
"c1561b13-d652-43c1-9c33-ca0cbda3d1a2";"2019-07-31 17:53:47";NULL;"104";"f623443a-d9cf-4302-97da-d29fd2696997"
"c165ded3-592e-468e-a4f6-06be7b828098";"2019-11-18 14:24:08";"c47d6373-5f9c-43d0-abbc-9e3ef596e792";"123";"1cb3dfd6-eb8a-42ca-8f72-56fc95f78f82"
"c26d0292-11a1-4e6b-a977-bd70fe31248f";"2020-01-06 13:14:29";"715164c8-6c80-4e67-8090-00f3e5589707";"123";"9e7135ca-753b-4e5b-bff1-c27d45d1fe85"
"c3020b62-750f-4c73-825a-af1555db1577";"2020-01-03 17:35:56";"819828e8-ce11-4c23-a075-13c0c4168640";"123";"43827957-7c98-436d-9a9b-2eb47096ef67"
"c38df4ee-1a00-4e30-93e7-3927932e3067";"2019-10-12 19:13:27";NULL;"65";"021ca281-b694-43e8-936a-9cbf98cbbdce"
"c3d1b1f4-192e-4f16-b836-f9403660cb27";"2020-01-03 16:54:12";"01f6fbeb-7657-4877-904f-27a779907463";"153";"9e7135ca-753b-4e5b-bff1-c27d45d1fe85"
"c50353eb-b715-4786-9569-55a546f2e1a3";"2019-10-13 11:33:11";NULL;"108";"021ca281-b694-43e8-936a-9cbf98cbbdce"
"c5bf4a13-3f17-438c-b445-2e97270c3da2";"2019-10-13 10:10:31";NULL;"22";"1cb3dfd6-eb8a-42ca-8f72-56fc95f78f82"
"c623cfe1-1b1e-4228-8535-cbb380a0af28";"2019-10-13 10:10:43";NULL;"120";"1cb3dfd6-eb8a-42ca-8f72-56fc95f78f82"
"c692dd71-831b-49f2-83b3-b7d1c7c57228";"2019-12-04 17:20:04";"7060e629-bc67-4d82-be58-9d26ef7540a4";"132";"9e7135ca-753b-4e5b-bff1-c27d45d1fe85"
"c6da8f2e-47ca-4892-bcb9-9a2f3bb5c836";"2019-10-12 19:13:29";NULL;"98";"021ca281-b694-43e8-936a-9cbf98cbbdce"
"c72456e8-f563-4d75-b984-73444698a9ed";"2019-12-03 13:09:43";"fb914d5b-1e47-4013-877e-7d009151234a";"123";"9e7135ca-753b-4e5b-bff1-c27d45d1fe85"
"c8528802-36b8-48f8-a178-cbf956b994da";"2019-10-12 19:13:29";NULL;"96";"021ca281-b694-43e8-936a-9cbf98cbbdce"
"ca1a3608-94a7-45f4-b58d-4aa3b4913838";"2019-11-18 14:21:07";"98d12c5a-9d53-44c8-a7a2-b3c7b6a5b6f7";"132";"9e7135ca-753b-4e5b-bff1-c27d45d1fe85"
"caef9ac5-3a98-43db-8191-fc9e3343d565";"2019-10-13 11:33:13";NULL;"125";"021ca281-b694-43e8-936a-9cbf98cbbdce"
"cb423533-4dd6-49ee-bbcc-85ea2ab9f156";"2019-10-13 10:10:42";NULL;"119";"1cb3dfd6-eb8a-42ca-8f72-56fc95f78f82"
"cc10b9f3-990b-4e1e-a987-77fd252a9eeb";"2019-10-12 19:13:29";NULL;"25";"021ca281-b694-43e8-936a-9cbf98cbbdce"
"cdbdc706-1880-4bf6-a66e-028ca7365ae2";"2019-09-27 02:25:28";"06527da1-0cf0-49c9-8c5f-888e6f4d4aee";"43";"f623443a-d9cf-4302-97da-d29fd2696997"
"cdd60ef3-2862-426b-a332-d0e94c4ef00f";"2020-01-03 16:56:10";"ef95549f-80d5-40b1-8c54-07a5799fbae0";"154";"9e7135ca-753b-4e5b-bff1-c27d45d1fe85"
"ce4ce8cf-5652-4c32-abd9-e43407f4a9cc";"2019-10-12 19:13:27";NULL;"68";"021ca281-b694-43e8-936a-9cbf98cbbdce"
"ce8c1d54-a57f-4ec7-b4b3-f837cb20a02c";"2019-10-12 19:13:26";NULL;"61";"021ca281-b694-43e8-936a-9cbf98cbbdce"
"cf57c1c5-dcd2-48ff-a7b8-0418c129e31a";"2019-12-04 10:59:02";"cd418489-6e22-44a8-90f1-1d8012d1db61";"123";"9e7135ca-753b-4e5b-bff1-c27d45d1fe85"
"cf6e9276-b3aa-466e-b14b-67307e310ea5";"2020-01-03 17:16:22";"0ddd240d-ca94-4799-b754-ea1bb32b4e7c";"123";"9e7135ca-753b-4e5b-bff1-c27d45d1fe85"
"cf9946c5-f9f1-4089-8201-d118286b7ef0";"2019-10-12 17:49:01";NULL;"124";"021ca281-b694-43e8-936a-9cbf98cbbdce"
"cfae0446-4088-439c-b11a-3813fe3f205b";"2019-10-12 19:13:28";NULL;"101";"021ca281-b694-43e8-936a-9cbf98cbbdce"
"cfbb3f6d-4f3f-4156-86af-be28682016aa";"2019-10-11 17:21:10";"909dbfe2-b87c-4255-893e-d151d49db79e";"7";"43827957-7c98-436d-9a9b-2eb47096ef67"
"d05d4832-95ea-45e7-aa40-f220fe1f6f51";"2019-10-12 19:13:30";NULL;"87";"021ca281-b694-43e8-936a-9cbf98cbbdce"
"d147b63e-278c-4b06-b9e5-6e547e9951ce";"2019-07-08 11:33:50";NULL;"0";"d2961f68-9350-4b2b-939a-474bad8dc928"
"d1d14662-a613-4c16-8c73-3ae97634d5f0";"2019-11-28 13:52:20";"3c7af512-4244-4df9-a96e-23f8c811bd56";"123";"1cb3dfd6-eb8a-42ca-8f72-56fc95f78f82"
"d2bee745-988a-4e86-8d80-8e66397a640b";"2019-10-13 11:33:13";NULL;"123";"021ca281-b694-43e8-936a-9cbf98cbbdce"
"d2febfc4-fd07-41bb-9f91-e5ac17ac78b6";"2019-10-13 11:33:11";NULL;"107";"021ca281-b694-43e8-936a-9cbf98cbbdce"
"d36fc7e6-8c2c-4173-825c-f1e05d255ada";"2019-10-13 11:33:10";NULL;"97";"021ca281-b694-43e8-936a-9cbf98cbbdce"
"d57c06a4-556a-45fc-869f-1916a2f297b1";"2019-10-12 19:13:27";NULL;"74";"021ca281-b694-43e8-936a-9cbf98cbbdce"
"d5955716-f883-4baf-913c-33366ef086fe";"2019-10-12 19:13:29";NULL;"129";"021ca281-b694-43e8-936a-9cbf98cbbdce"
"d6c323f4-74e5-4d09-bea0-24c1e1dd2b0d";"2019-10-12 19:13:28";NULL;"102";"021ca281-b694-43e8-936a-9cbf98cbbdce"
"d880b13b-1194-481e-90b6-36ba47156806";"2019-10-12 19:41:50";NULL;"20";"1cb3dfd6-eb8a-42ca-8f72-56fc95f78f82"
"d88d8a1c-117e-431a-b327-18db5f2b2dab";"2019-07-08 14:26:15";"ded4b2ae-f0e1-42ed-b31a-8d6ce99f3e02";"12";"f623443a-d9cf-4302-97da-d29fd2696997"
"d90e5e21-3a81-457d-b5d0-aff4a870f1a3";"2019-07-08 13:33:55";NULL;"43";"d2961f68-9350-4b2b-939a-474bad8dc928"
"d99677e6-7489-4f18-95cf-10fda237a0b2";"2019-10-12 19:13:29";NULL;"116";"021ca281-b694-43e8-936a-9cbf98cbbdce"
"da926346-d2be-4627-ad91-812c2f0c0f56";"2019-09-27 09:20:07";"7efb5fc9-7f07-4919-a977-fc02f02e300c";"43";"7742bfa4-099d-46d5-9328-4b679a677c3b"
"dad61a87-d81f-41ca-b41e-c294b539521c";"2019-10-12 19:13:26";NULL;"38";"021ca281-b694-43e8-936a-9cbf98cbbdce"
"dbef2baa-a0b2-4c55-b9c3-5e39d3d55a15";"2019-07-03 16:30:56";"1282085659354953";"12";"f623443a-d9cf-4302-97da-d29fd2696997"
"dbf73a26-72f3-4cc8-a8c1-64efd63be622";"2019-10-12 19:13:29";NULL;"117";"021ca281-b694-43e8-936a-9cbf98cbbdce"
"dd357995-bf81-4fbe-947f-b5098aa32d41";"2019-10-24 11:21:12";NULL;"123";"1cb3dfd6-eb8a-42ca-8f72-56fc95f78f82"
"ddeafc8f-afe4-415a-a2a4-4870da5e3271";"2019-10-12 19:13:27";NULL;"79";"021ca281-b694-43e8-936a-9cbf98cbbdce"
"df7014c6-d942-493b-ba98-aa0511d7afaa";"2019-10-12 19:13:26";NULL;"45";"021ca281-b694-43e8-936a-9cbf98cbbdce"
"dfb0b881-30df-4093-b28e-8ad8371214b2";"2019-10-12 19:13:25";NULL;"34";"021ca281-b694-43e8-936a-9cbf98cbbdce"
"e0823a30-a418-4ea9-a398-a5a8aed70fdc";"2019-07-08 11:29:49";NULL;"0";"d2961f68-9350-4b2b-939a-474bad8dc928"
"e1022256-40a8-45a8-84c8-6a6ed842ec1c";"2019-10-11 17:15:15";NULL;"7";"65f46971-e2c1-4ae9-b52e-4b88de5d5e8e"
"e1eaf918-9993-45dc-9440-01652c97c14f";"2019-10-12 19:13:26";NULL;"73";"021ca281-b694-43e8-936a-9cbf98cbbdce"
"e2193035-af71-41a4-9b1d-6be04d4e718a";"2019-10-13 11:33:10";NULL;"84";"021ca281-b694-43e8-936a-9cbf98cbbdce"
"e26ca6dc-a447-421c-afdf-1c36f9d600e6";"2019-09-27 13:28:22";"0b34bf3c-6859-4e5d-be6b-ac1d39afbda6";"127";"f623443a-d9cf-4302-97da-d29fd2696997"
"e361c6fd-70dd-42c7-a678-9bc5274f7f77";"2019-10-10 15:12:03";"9ecb3ed9-8493-4e6c-9b67-87796ba25e44";"123";"1cb3dfd6-eb8a-42ca-8f72-56fc95f78f82"
"e3a506e9-8d08-4363-9485-675ea6194292";"2019-09-27 13:22:28";"cdf6bb3d-5305-42ab-bc52-3507cb5bb17a";"7";"a604df3b-e114-462c-b5ef-e96464b2ab60"
"e40eee27-b89b-4ad7-a1bd-7672e2c3c4ce";"2019-11-28 10:54:37";"eb44eaba-c42e-4f97-b51f-975f98800d81";"123";"1cb3dfd6-eb8a-42ca-8f72-56fc95f78f82"
"e4fc00fc-521f-4d86-a76d-14d3fb193793";"2019-10-24 16:53:51";"7652b64b-1f6a-4c30-be57-686a2bb798c2";"123";"a604df3b-e114-462c-b5ef-e96464b2ab60"
"e6eac4c0-b98f-4280-b3de-05662df9f257";"2019-10-24 15:46:16";"3614163f-16f8-4c0f-a27a-776d6ed7be8e";"123";"a604df3b-e114-462c-b5ef-e96464b2ab60"
"e7bdb7e8-c638-4f04-9645-4b10645b802e";"2019-10-13 10:10:29";NULL;"7";"1cb3dfd6-eb8a-42ca-8f72-56fc95f78f82"
"e85d9839-1f50-41ea-898e-f82e1e1c2c6c";"2019-10-12 19:13:29";NULL;"109";"021ca281-b694-43e8-936a-9cbf98cbbdce"
"e894f332-ef29-4b7b-87be-4f9a30780e62";"2019-12-04 14:15:15";"680ec67c-4a7d-41e9-8889-237603cd835c";"123";"9e7135ca-753b-4e5b-bff1-c27d45d1fe85"
"e8c7eb8f-bf62-45db-b209-b726b0866388";"2019-10-12 19:13:24";NULL;"31";"021ca281-b694-43e8-936a-9cbf98cbbdce"
"e97655d0-9868-4de5-a99b-f1b088337c5c";"2019-10-13 10:10:46";NULL;"127";"1cb3dfd6-eb8a-42ca-8f72-56fc95f78f82"
"e99f505c-ed77-431a-afaf-c3d83cf57363";"2019-10-13 10:10:32";NULL;"23";"1cb3dfd6-eb8a-42ca-8f72-56fc95f78f82"
"eba0c1ca-be4e-4341-b7cc-eb2b1a76a553";"2019-10-12 19:13:25";NULL;"57";"021ca281-b694-43e8-936a-9cbf98cbbdce"
"ec1f1231-1e65-430d-9234-cd795c4ffd17";"2019-10-13 10:10:34";NULL;"43";"1cb3dfd6-eb8a-42ca-8f72-56fc95f78f82"
"ed00b737-846c-4567-b4ff-a07c065908c3";"2019-08-27 13:48:08";NULL;"43";"f623443a-d9cf-4302-97da-d29fd2696997"
"edc3ed6f-99b7-4653-8e42-98db268a6dea";"2019-07-08 11:39:36";NULL;"12";"d2961f68-9350-4b2b-939a-474bad8dc928"
"ee0f1622-b753-490b-8722-61599e23ed14";"2019-10-10 15:22:32";NULL;"123";"f623443a-d9cf-4302-97da-d29fd2696997"
"ee331a21-eaf8-4e0b-ba17-616559be02f9";"2020-01-06 13:20:47";"5469a8f1-04d4-4f90-a126-3da247e84143";"123";"43827957-7c98-436d-9a9b-2eb47096ef67"
"ef4bc2b5-8cac-4402-aefe-2b9e6acf1af3";"2019-10-12 19:13:27";NULL;"71";"021ca281-b694-43e8-936a-9cbf98cbbdce"
"f050c3f5-8fa7-4d5a-bbe1-540ffa1c11be";"2019-10-12 19:13:27";NULL;"78";"021ca281-b694-43e8-936a-9cbf98cbbdce"
"f0bce012-4606-43ca-90c5-468e444f7f7d";"2020-01-06 12:43:47";"db51687c-301c-4bdf-8a54-c4a16ca999bd";"123";"9e7135ca-753b-4e5b-bff1-c27d45d1fe85"
"f20691d8-7df7-4ad8-ac36-625b6d3d584a";"2019-10-23 17:39:39";"30606e72-e9eb-4f55-9fb8-e95206b43b0d";"123";"65f46971-e2c1-4ae9-b52e-4b88de5d5e8e"
"f447f9e8-e234-4918-a6cc-855b7c0c0a96";"2019-07-08 11:03:19";NULL;"0";"d2961f68-9350-4b2b-939a-474bad8dc928"
"f4b90f6f-9b21-48e4-bd9e-57ccaacc040e";"2019-07-08 13:37:04";NULL;"43";"d2961f68-9350-4b2b-939a-474bad8dc928"
"f52920a8-f304-450b-9b13-cec8074174d8";"2019-09-27 13:29:23";"bdc7546f-bdbc-4348-9c95-a86c18dce898";"123";"f623443a-d9cf-4302-97da-d29fd2696997"
"f55787cb-670d-4027-9fac-30008036037a";"2019-10-12 19:13:30";NULL;"127";"021ca281-b694-43e8-936a-9cbf98cbbdce"
"f562962e-6c13-49ed-8932-3bfd6e90afac";"2019-10-12 19:13:28";NULL;"108";"021ca281-b694-43e8-936a-9cbf98cbbdce"
"f570882f-2bdd-4fbf-8117-05c5c74860c5";"2019-07-08 12:11:53";NULL;"1";"d2961f68-9350-4b2b-939a-474bad8dc928"
"f583cc0d-a8db-451a-947b-f49d77896d73";"2019-11-28 11:42:57";"4c67b63f-1fc4-4ffe-b99a-5e43e5819324";"123";"9e7135ca-753b-4e5b-bff1-c27d45d1fe85"
"f6aaf816-3a55-4278-bb2a-be383528c7f7";"2019-07-03 16:10:09";"1281395659354953";"12";"f623443a-d9cf-4302-97da-d29fd2696997"
"f812b0db-538e-4a27-bbe6-4e21ae104762";"2019-10-10 15:18:18";"8cefa20e-3d88-478b-84f0-dba311652259";"123";"1cb3dfd6-eb8a-42ca-8f72-56fc95f78f82"
"f872fa32-f043-406c-a745-508383c418d2";"2019-07-03 09:54:07";"1281395659354953";"12";"f623443a-d9cf-4302-97da-d29fd2696997"
"f917ce63-35e8-4b36-9e2e-64b3dea9a73e";"2019-09-27 09:18:11";"3ad5da47-baa8-402f-b810-d16ce3653527";"43";"f623443a-d9cf-4302-97da-d29fd2696997"
"f92d94c4-e9f0-4aed-ba4b-78d595c0cf92";"2019-10-12 19:13:24";NULL;"22";"021ca281-b694-43e8-936a-9cbf98cbbdce"
"fa1e9232-03bd-46d2-91d4-60aee9369c0a";"2019-10-09 10:52:29";"f874c94f-7ad1-4002-afc8-e16dfda5c88f";"123";"65f46971-e2c1-4ae9-b52e-4b88de5d5e8e"
"fa35f8d3-5d76-42f1-a5ec-edd49e23dc4b";"2019-10-24 17:29:27";NULL;"123";"021ca281-b694-43e8-936a-9cbf98cbbdce"
"fb2f12b1-20cc-44f0-b9c3-d6b0305b12cc";"2020-01-03 16:11:01";"7ef198ac-2bb2-42a3-9f9a-8a0cf39bef43";"123";"9e7135ca-753b-4e5b-bff1-c27d45d1fe85"
"fe379bae-ca20-43ed-b640-6f4032de838c";"2019-10-13 11:33:11";NULL;"104";"021ca281-b694-43e8-936a-9cbf98cbbdce"
"fe5f8728-1801-4df4-a35f-23ca52c89c1c";"2019-12-03 14:37:00";"0b7fb9e3-f404-4857-8b78-650f02a101ee";"123";"9e7135ca-753b-4e5b-bff1-c27d45d1fe85"
"ff189ff4-10c7-41b4-9875-de088e1acc42";"2019-10-13 11:33:10";NULL;"43";"021ca281-b694-43e8-936a-9cbf98cbbdce"
